{
  "train_losses": [
    0.3154034363105893
  ],
  "val_losses": [
    0.0923902578651905
  ]
}